Drivers,Season 2012,Season 2013,Season 2014,Season 2015,Season 2016,Season 2017,Season 2018,Season 2019
albon,0.0,0.0,0.0,0.0,0.0,0.0,0.0,0.0
alonso,50.51385270688673,93.76032369832065,78.70283183928062,0.0,0.0,0.0,22.798652336708933,0.0
bottas,0.0,0.0,66.5286815348336,0.0,98.46556558069598,128.09322112123232,8.467516726968842,124.06037130242707
gasly,0.0,0.0,0.0,0.0,0.0,0.0,0.0,0.0
hamilton,77.12972331074131,59.452027202099394,0.0,107.77242776969774,183.28582178505744,129.31215630745467,55.98908578075336,100.58434704547203
kevin_magnussen,0.0,0.0,88.93073542115863,0.0,-79.02249338373291,0.0,0.0,26.746443613285113
latifi,0.0,0.0,0.0,0.0,0.0,0.0,0.0,0.0
leclerc,0.0,0.0,0.0,0.0,0.0,0.0,-39.16936225483249,59.00095945178089
max_verstappen,0.0,0.0,0.0,0.0,83.17845003143681,109.06329439114141,15.983403665062696,98.78894318271529
mick_schumacher,0.0,0.0,0.0,0.0,0.0,0.0,0.0,0.0
norris,0.0,0.0,0.0,0.0,0.0,0.0,0.0,0.0
ocon,0.0,0.0,0.0,0.0,0.0,0.0,-24.164497054296177,0.0
perez,31.507633665272465,19.83985804942683,27.257293824860703,0.0,71.56143564815646,0.0,-8.198746713901025,0.0
ricciardo,29.066591670312093,0.0,93.30496498836237,0.0,140.35308597832346,0.0,48.048621093863574,0.0
russell,0.0,0.0,0.0,0.0,0.0,0.0,0.0,0.0
sainz,0.0,0.0,0.0,0.0,112.2059463468056,0.0,-4.552034637120744,0.0
stroll,0.0,0.0,0.0,0.0,0.0,0.0,-43.86864213086298,0.0
tsunoda,0.0,0.0,0.0,0.0,0.0,0.0,0.0,0.0
vettel,83.93291023404322,83.06455270779396,0.0,71.4579010124561,178.35502862007047,140.715804289947,63.62011449342725,59.59149352405892
zhou,0.0,0.0,0.0,0.0,0.0,0.0,0.0,0.0
