Drivers,Season 2012,Season 2013,Season 2014,Season 2015,Season 2016,Season 2017,Season 2018,Season 2019,Season 2020,Season 2021
albon,0.0,0.0,0.0,0.0,0.0,0.0,0.0,19.440600585388847,66.57116165468351,0.0
alonso,42.27975885735584,46.52601465135455,40.5362640904482,0.0,0.0,0.0,0.0,0.0,0.0,0.0
bottas,0.0,3.868991761461465,41.51652284405117,71.67950192485387,0.0,61.40063669570809,100.79056102821461,83.30444101969263,46.44453916697608,56.731654199676925
gasly,0.0,0.0,0.0,0.0,0.0,0.0,39.21430182132577,29.0117445243919,55.50681588503989,0.0
hamilton,43.274484229093105,47.77685703595326,89.30440781715836,114.2224271324938,82.05511823411055,75.89243559184813,94.78777265614298,92.90462235716362,88.67495080867698,92.08481472784281
kevin_magnussen,0.0,0.0,0.0,0.0,0.0,0.0,25.948989734559298,0.0,0.0,0.0
latifi,0.0,0.0,0.0,0.0,0.0,0.0,0.0,0.0,0.0,0.0
leclerc,0.0,0.0,0.0,0.0,0.0,0.0,0.0,79.69468042677099,0.0,30.616930464887105
max_verstappen,0.0,0.0,0.0,0.0,31.462490779299866,0.0,0.0,78.82572023794212,82.35308625254459,91.33041025609303
mick_schumacher,0.0,0.0,0.0,0.0,0.0,0.0,0.0,0.0,0.0,0.0
norris,0.0,0.0,0.0,0.0,0.0,0.0,0.0,38.8627163671935,50.08580300064671,44.030048065333055
ocon,0.0,0.0,0.0,0.0,0.0,-28.508106729784103,0.0,0.0,42.82510069204069,0.0
perez,27.852833291958685,46.36004064427178,49.400389743246485,0.0,0.0,9.28412922049924,0.0,18.2301435981588,0.0,40.206043891969415
ricciardo,0.0,0.0,45.06406541066225,53.06300897415281,49.534509575994456,40.11575841519148,0.0,0.0,50.225573547914905,23.632564304682386
russell,0.0,0.0,0.0,0.0,0.0,0.0,0.0,0.0,0.0,0.0
sainz,0.0,0.0,0.0,0.0,0.0,0.0,0.0,0.0,55.117434634026,22.665246805329645
stroll,0.0,0.0,0.0,0.0,0.0,0.0,0.0,0.0,0.0,2.4972578942678405
tsunoda,0.0,0.0,0.0,0.0,0.0,0.0,0.0,0.0,0.0,5.0180007660506485
vettel,99.36367080166346,81.98270895088382,40.94110607274592,73.2847608978017,0.0,76.72270335235608,101.41566999563689,54.720168438724905,0.0,0.0
zhou,0.0,0.0,0.0,0.0,0.0,0.0,0.0,0.0,0.0,0.0
