Drivers,Season 2012,Season 2013,Season 2014,Season 2015,Season 2016,Season 2017,Season 2018,Season 2019,Season 2021
albon,0.0,0.0,0.0,0.0,0.0,0.0,0.0,23.71269676675949,0.0
alonso,106.17984439866143,89.45532577536723,17.474138461636972,0.0,1.6554070001410768,15.377985818509151,0.0,0.0,0.0
bottas,0.0,0.0,0.0,0.0,-7.349434561213463,104.27150260738367,87.9979792668147,0.0,117.05148656747897
gasly,0.0,0.0,0.0,0.0,0.0,0.0,0.0,21.462047616091073,0.0
hamilton,0.0,27.359770223084368,97.569724935377,152.03119137974443,83.18500260028841,104.31652135737835,116.34620420585226,53.28605682494195,136.13073674109384
kevin_magnussen,0.0,0.0,7.027571245424394,0.0,-5.727936555307843,0.0,45.92615350771715,-1.4374901961682145,0.0
latifi,0.0,0.0,0.0,0.0,0.0,0.0,0.0,0.0,0.0
leclerc,0.0,0.0,0.0,0.0,0.0,0.0,57.438714143270005,0.0,68.80008955092504
max_verstappen,0.0,0.0,0.0,0.0,45.1281016092749,66.3953998436098,115.70711781201497,63.49944518228503,123.91035401385784
mick_schumacher,0.0,0.0,0.0,0.0,0.0,0.0,0.0,0.0,0.0
norris,0.0,0.0,0.0,0.0,0.0,0.0,0.0,6.204514287226586,0.0
ocon,0.0,0.0,0.0,0.0,5.62521389003577,0.0,0.0,0.0,0.0
perez,0.0,58.48755292267031,0.0,0.0,35.3530509410706,15.445649125215366,0.0,5.2608012169240945,87.63432585671296
ricciardo,0.0,0.0,0.0,0.0,24.878028454761857,47.17321301856045,110.58354593935952,12.093260583082952,0.0
russell,0.0,0.0,0.0,0.0,0.0,0.0,0.0,-15.482552606238617,0.0
sainz,0.0,0.0,0.0,0.0,28.840908192980407,0.0,0.0,11.724653098612123,65.82137625408393
stroll,0.0,0.0,0.0,0.0,0.0,0.0,0.0,0.0,0.0
tsunoda,0.0,0.0,0.0,0.0,0.0,0.0,0.0,0.0,0.0
vettel,93.54734902671098,116.39224438850316,31.146065655853587,144.66113428267556,14.500364551342201,107.80940036125372,82.60026876711204,0.0,0.0
zhou,0.0,0.0,0.0,0.0,0.0,0.0,0.0,0.0,0.0
