Drivers,Season 2021
albon,0.0
alonso,0.0
bottas,45.97712112181879
gasly,23.557041817977773
hamilton,72.88102373392358
kevin_magnussen,0.0
latifi,-27.299055294792904
leclerc,30.594007146653393
max_verstappen,65.9386205726889
mick_schumacher,0.0
norris,17.04101761291729
ocon,30.12522191767673
perez,0.0
ricciardo,21.87049713279725
russell,0.0
sainz,21.285817416050676
stroll,-21.965726058491192
tsunoda,0.0
vettel,0.0
zhou,0.0
