Drivers,Season 2012,Season 2013,Season 2014,Season 2015,Season 2016,Season 2017,Season 2018,Season 2019
albon,0.0,0.0,0.0,0.0,0.0,0.0,0.0,23.263891410956646
alonso,55.116734610913134,57.93861651030893,56.346512368663134,0.0,28.772057207470706,0.0,31.73728898352392,0.0
bottas,0.0,-12.568596313092907,6.497123024003195,55.745096881326944,0.0,55.68514368589762,77.51463516499064,29.49932959936482
gasly,0.0,0.0,0.0,0.0,0.0,0.0,0.0,12.996470545752622
hamilton,0.0,40.76489278808068,75.21656989817009,0.0,101.74308352940238,78.24133131366243,126.53155507134123,34.04807435822732
kevin_magnussen,0.0,0.0,7.839900819590942,0.0,2.6096133851197703,0.0,0.0,-46.84150831517621
latifi,0.0,0.0,0.0,0.0,0.0,0.0,0.0,0.0
leclerc,0.0,0.0,0.0,0.0,0.0,0.0,0.0,42.333165944124765
max_verstappen,0.0,0.0,0.0,68.03637288350858,45.924984324538165,0.0,118.21529363367115,38.82299963348869
mick_schumacher,0.0,0.0,0.0,0.0,0.0,0.0,0.0,0.0
norris,0.0,0.0,0.0,0.0,0.0,0.0,0.0,18.06812389584192
ocon,0.0,0.0,0.0,0.0,0.0,19.130682828739477,0.0,0.0
perez,20.550205478197622,10.916069233569194,13.931140324732146,34.090788314447785,9.042401995115524,36.699999368960974,0.0,0.0
ricciardo,21.959685647510916,0.0,53.48632213169787,97.26816330709018,108.67185044043379,68.44866548792285,76.72191225274597,-12.411277129664818
russell,0.0,0.0,0.0,0.0,0.0,0.0,0.0,0.0
sainz,0.0,0.0,0.0,29.287212008133167,0.0,38.98341915326361,0.0,-0.5295595597469713
stroll,0.0,0.0,0.0,0.0,0.0,20.1418432492332,0.0,-9.96535147876734
tsunoda,0.0,0.0,0.0,0.0,0.0,0.0,0.0,0.0
vettel,78.17431898439513,94.27469671298856,56.837125094304064,101.31231903802788,87.69489283393693,0.0,88.24510285449779,46.354651711322354
zhou,0.0,0.0,0.0,0.0,0.0,0.0,0.0,0.0
