Drivers,Season 2012,Season 2013,Season 2014,Season 2015,Season 2016,Season 2017,Season 2018,Season 2019,Season 2020,Season 2021
albon,0.0,0.0,0.0,0.0,0.0,0.0,0.0,56.42690372462923,78.30122941027561,0.0
alonso,40.55318877101461,36.96096672754644,3.57125805590055,0.0,18.187754341670633,0.0,0.0,0.0,0.0,4.305877389171603
bottas,0.0,0.0,56.161906700774175,0.0,0.0,107.79395274476593,44.411219012744816,81.12339797453215,85.43161728410433,50.53348861030645
gasly,0.0,0.0,0.0,0.0,0.0,0.0,0.0,0.0,7.666911808706381,46.56380160792435
hamilton,0.0,25.36155314747891,82.83193937278227,106.34147190853524,73.22262068627244,103.90190940654585,90.92518814901509,123.38056839656461,81.48616898482736,84.02651057825491
kevin_magnussen,0.0,0.0,0.26472156973545063,0.0,0.0,0.0,0.0,0.0,0.0,0.0
latifi,0.0,0.0,0.0,0.0,0.0,0.0,0.0,0.0,0.0,0.0
leclerc,0.0,0.0,0.0,0.0,0.0,0.0,4.488533822202731,82.67582754442715,0.0,0.8833512675381461
max_verstappen,0.0,0.0,0.0,0.0,71.20816071652628,63.1172499124273,77.37699697086367,107.0007307561756,102.14462393066782,84.56254833829883
mick_schumacher,0.0,0.0,0.0,0.0,0.0,0.0,0.0,0.0,0.0,0.0
norris,0.0,0.0,0.0,0.0,0.0,0.0,0.0,0.0,37.199501856232786,10.82655536041203
ocon,0.0,0.0,0.0,0.0,0.0,12.877447138168687,0.0,0.0,-4.215614104534258,0.49227416119681827
perez,-13.950700969132035,14.954181771130242,17.583630024064654,55.0033407873919,18.52258852928553,19.284299990316118,3.300745446831903,0.0,0.0,0.0
ricciardo,5.138973444310934,0.0,49.08788829226762,54.006082181710234,68.7189343020282,0.0,74.55045234544939,0.0,23.208406289484547,0.0
russell,0.0,0.0,0.0,0.0,0.0,0.0,0.0,0.0,0.0,0.0
sainz,0.0,0.0,0.0,19.237573599126232,0.0,0.0,21.510611367510773,0.0,31.76355595669885,53.666263611845686
stroll,0.0,0.0,0.0,0.0,0.0,0.0,0.0,0.0,-4.29464424317168,0.0
tsunoda,0.0,0.0,0.0,0.0,0.0,0.0,0.0,0.0,0.0,50.030632168540286
vettel,32.52030584293299,98.90718500044065,17.28696259535113,74.17009061422523,72.58540290408651,89.11351661843679,87.28185399193545,63.46835484487019,0.0,-5.80270611823969
zhou,0.0,0.0,0.0,0.0,0.0,0.0,0.0,0.0,0.0,0.0
